kernel,head_drop_pairs,reason
gemm,16,"first 16 pairs (about 10 s) excluded, the start-up burst: p2e_skeleton.tex Table 1; author's decision 2026-09-28"
floyd,16,"first 16 pairs (about 10 s) excluded, the start-up burst: p2e_skeleton.tex Table 1; author's decision 2026-09-28"
gibbs,16,"first 16 pairs (about 10 s) excluded, the start-up burst: p2e_skeleton.tex Table 1; author's decision 2026-09-28"
nbody,16,"first 16 pairs (about 10 s) excluded, the start-up burst: p2e_skeleton.tex Table 1; author's decision 2026-09-28"
spmm,16,"first 16 pairs (about 10 s) excluded, the start-up burst: p2e_skeleton.tex Table 1; author's decision 2026-09-28"
stencil_jacobi,16,"first 16 pairs (about 10 s) excluded, the start-up burst: p2e_skeleton.tex Table 1; author's decision 2026-09-28"
fft,16,"first 16 pairs (about 10 s) excluded, the start-up burst: p2e_skeleton.tex Table 1; author's decision 2026-09-28"
histogram,16,"first 16 pairs (about 10 s) excluded, the start-up burst: p2e_skeleton.tex Table 1; author's decision 2026-09-28"
fem_assembly,16,"first 16 pairs (about 10 s) excluded, the start-up burst: p2e_skeleton.tex Table 1; author's decision 2026-09-28"
lexer,16,"first 16 pairs (about 10 s) excluded, the start-up burst: p2e_skeleton.tex Table 1; author's decision 2026-09-28"
rmat_gen,16,"first 16 pairs (about 10 s) excluded, the start-up burst: p2e_skeleton.tex Table 1; author's decision 2026-09-28"
bnb_tsp,16,"first 16 pairs (about 10 s) excluded, the start-up burst: p2e_skeleton.tex Table 1; author's decision 2026-09-28"
idle,16,"first 16 pairs (about 10 s) excluded, the start-up burst: p2e_skeleton.tex Table 1; author's decision 2026-09-28 (the idle runs are cut the same way)"
