kernel,passes_per_600s,source,notes
gemm,885,declared: pass-count calibration run 2026-09-28 (P2_AUTHOR_ANSWERS.md A9/A13),measured alone (no capture); capture likely slows the true corpus pace (nbody measured 1.49x slower under capture; not applied here, no correction guessed for this kernel)
floyd,486,declared: pass-count calibration run 2026-09-28 (P2_AUTHOR_ANSWERS.md A9/A13),measured alone (no capture); capture likely slows the true corpus pace (nbody measured 1.49x slower under capture; not applied here, no correction guessed for this kernel)
gibbs,41302,declared: pass-count calibration run 2026-09-28 (P2_AUTHOR_ANSWERS.md A9/A13),measured alone (no capture); capture likely slows the true corpus pace (nbody measured 1.49x slower under capture; not applied here, no correction guessed for this kernel)
nbody,6147,declared: kernel_nbody_v2_metadata.json (AA A7; real corpus run, seed 7263),the corpus's own measured count; not the calibration run's alone count (9130)
spmm,175107,declared: pass-count calibration run 2026-09-28 (P2_AUTHOR_ANSWERS.md A9/A13),measured alone (no capture); capture likely slows the true corpus pace (nbody measured 1.49x slower under capture; not applied here, no correction guessed for this kernel)
stencil_jacobi,489138,declared: pass-count calibration run 2026-09-28 (P2_AUTHOR_ANSWERS.md A9/A13),measured alone (no capture); capture likely slows the true corpus pace (nbody measured 1.49x slower under capture; not applied here, no correction guessed for this kernel)
fft,11926,declared: pass-count calibration run 2026-09-28 (P2_AUTHOR_ANSWERS.md A9/A13),measured alone (no capture); capture likely slows the true corpus pace (nbody measured 1.49x slower under capture; not applied here, no correction guessed for this kernel)
histogram,1242,declared: pass-count calibration run 2026-09-28 (P2_AUTHOR_ANSWERS.md A9/A13),measured alone (no capture); capture likely slows the true corpus pace (nbody measured 1.49x slower under capture; not applied here, no correction guessed for this kernel)
fem_assembly,290995,declared: pass-count calibration run 2026-09-28 (P2_AUTHOR_ANSWERS.md A9/A13),measured alone (no capture); capture likely slows the true corpus pace (nbody measured 1.49x slower under capture; not applied here, no correction guessed for this kernel)
lexer,4465,declared: pass-count calibration run 2026-09-28 (P2_AUTHOR_ANSWERS.md A9/A13),measured alone (no capture); capture likely slows the true corpus pace (nbody measured 1.49x slower under capture; not applied here, no correction guessed for this kernel)
rmat_gen,1056,declared: pass-count calibration run 2026-09-28 (P2_AUTHOR_ANSWERS.md A9/A13),measured alone (no capture); capture likely slows the true corpus pace (nbody measured 1.49x slower under capture; not applied here, no correction guessed for this kernel)
bnb_tsp,7545,declared: pass-count calibration run 2026-09-28 (P2_AUTHOR_ANSWERS.md A9/A13),measured alone (no capture); capture likely slows the true corpus pace (nbody measured 1.49x slower under capture; not applied here, no correction guessed for this kernel)
