path,seed,source
kernel/kernel_bnb_tsp_v2/cities_13_--duration_600_--seed_1744_--phase-markers_--max-m_ce828a06/rep001__sandbox_deepdive_01c,1744,"retention signature reproduced exactly (place_csv.py signature, sha1 fingerprint)"
kernel/kernel_bnb_tsp_v2/cities_13_--duration_600_--seed_2744_--phase-markers_--max-m_ad01abc2/rep001__sandbox_deepdive_01c,2744,"retention signature reproduced exactly (place_csv.py signature, sha1 fingerprint)"
kernel/kernel_bnb_tsp_v2/cities_13_--duration_600_--seed_3744_--phase-markers_--max-m_5e2f3e6c/rep001__sandbox_deepdive_01c,3744,"retention signature reproduced exactly (place_csv.py signature, sha1 fingerprint)"
kernel/kernel_bnb_tsp_v2/cities_13_--duration_600_--seed_42_--phase-markers_--max-mb__1df3b370/rep001__sandbox_deepdive_01c,42,"retention signature reproduced exactly (place_csv.py signature, sha1 fingerprint)"
kernel/kernel_bnb_tsp_v2/cities_13_--duration_600_--seed_4744_--phase-markers_--max-m_2146876e/rep001__sandbox_deepdive_01c,4744,"retention signature reproduced exactly (place_csv.py signature, sha1 fingerprint)"
kernel/kernel_bnb_tsp_v2/cities_13_--duration_600_--seed_5744_--phase-markers_--max-m_f4fbee1a/rep001__sandbox_deepdive_01c,5744,"retention signature reproduced exactly (place_csv.py signature, sha1 fingerprint)"
kernel/kernel_bnb_tsp_v2/cities_13_--duration_600_--seed_6744_--phase-markers_--max-m_3c2c4ef2/rep001__sandbox_deepdive_01c,6744,"retention signature reproduced exactly (place_csv.py signature, sha1 fingerprint)"
kernel/kernel_bnb_tsp_v2/cities_13_--duration_600_--seed_7744_--phase-markers_--max-m_c25f6c3f/rep001__sandbox_deepdive_01c,7744,"retention signature reproduced exactly (place_csv.py signature, sha1 fingerprint)"
kernel/kernel_fem_assembly_v2/nodes_2048_--elements_8192_--npe_4_--duration_600_--seed_171_76b98256/rep001__sandbox_deepdive_01c,1714,"retention signature reproduced exactly (place_csv.py signature, sha1 fingerprint)"
kernel/kernel_fem_assembly_v2/nodes_2048_--elements_8192_--npe_4_--duration_600_--seed_271_a6c4f8c1/rep001__sandbox_deepdive_01c,2714,"retention signature reproduced exactly (place_csv.py signature, sha1 fingerprint)"
kernel/kernel_fem_assembly_v2/nodes_2048_--elements_8192_--npe_4_--duration_600_--seed_371_1f86bcc7/rep001__sandbox_deepdive_01c,3714,"retention signature reproduced exactly (place_csv.py signature, sha1 fingerprint)"
kernel/kernel_fem_assembly_v2/nodes_2048_--elements_8192_--npe_4_--duration_600_--seed_42__ce23d749/rep001__sandbox_deepdive_01c,42,"retention signature reproduced exactly (place_csv.py signature, sha1 fingerprint)"
kernel/kernel_fem_assembly_v2/nodes_2048_--elements_8192_--npe_4_--duration_600_--seed_471_d5507522/rep001__sandbox_deepdive_01c,4714,"retention signature reproduced exactly (place_csv.py signature, sha1 fingerprint)"
kernel/kernel_fem_assembly_v2/nodes_2048_--elements_8192_--npe_4_--duration_600_--seed_571_8e1df96b/rep001__sandbox_deepdive_01c,5714,"retention signature reproduced exactly (place_csv.py signature, sha1 fingerprint)"
kernel/kernel_fem_assembly_v2/nodes_2048_--elements_8192_--npe_4_--duration_600_--seed_671_63e9dbe0/rep001__sandbox_deepdive_01c,6714,"retention signature reproduced exactly (place_csv.py signature, sha1 fingerprint)"
kernel/kernel_fem_assembly_v2/nodes_2048_--elements_8192_--npe_4_--duration_600_--seed_771_179e1f5b/rep001__sandbox_deepdive_01c,7714,"retention signature reproduced exactly (place_csv.py signature, sha1 fingerprint)"
kernel/kernel_fft_v2/n_1048576_--duration_600_--seed_1548_--phase-markers_--max-m_72e293c5/rep001__sandbox_deepdive_01c1,1548,"retention signature reproduced exactly (place_csv.py signature, sha1 fingerprint)"
kernel/kernel_fft_v2/n_1048576_--duration_600_--seed_2548_--phase-markers_--max-m_a14413a8/rep001__sandbox_deepdive_01c1,2548,"retention signature reproduced exactly (place_csv.py signature, sha1 fingerprint)"
kernel/kernel_fft_v2/n_1048576_--duration_600_--seed_3548_--phase-markers_--max-m_862efd82/rep001__sandbox_deepdive_01c1,3548,"retention signature reproduced exactly (place_csv.py signature, sha1 fingerprint)"
kernel/kernel_fft_v2/n_1048576_--duration_600_--seed_42_--phase-markers_--max-mb__0405982c/rep001__sandbox_deepdive_01c,42,"retention signature reproduced exactly (place_csv.py signature, sha1 fingerprint)"
kernel/kernel_fft_v2/n_1048576_--duration_600_--seed_4548_--phase-markers_--max-m_90ff1013/rep001__sandbox_deepdive_01c1,4548,"retention signature reproduced exactly (place_csv.py signature, sha1 fingerprint)"
kernel/kernel_fft_v2/n_1048576_--duration_600_--seed_5548_--phase-markers_--max-m_83ad5dfa/rep001__sandbox_deepdive_01c1,5548,"retention signature reproduced exactly (place_csv.py signature, sha1 fingerprint)"
kernel/kernel_fft_v2/n_1048576_--duration_600_--seed_6548_--phase-markers_--max-m_1a3f5f82/rep001__sandbox_deepdive_01c1,6548,"retention signature reproduced exactly (place_csv.py signature, sha1 fingerprint)"
kernel/kernel_fft_v2/n_1048576_--duration_600_--seed_7548_--phase-markers_--max-m_8b58815f/rep001__sandbox_deepdive_01c1,7548,"retention signature reproduced exactly (place_csv.py signature, sha1 fingerprint)"
kernel/kernel_floyd_v2/dim_1024_--duration_600_--seed_1044_--phase-markers_--max-mb_bd41e128/rep001__sandbox_deepdive_01c1,1044,"retention signature reproduced exactly (place_csv.py signature, sha1 fingerprint)"
kernel/kernel_floyd_v2/dim_1024_--duration_600_--seed_2044_--phase-markers_--max-mb_fb80d031/rep001__sandbox_deepdive_01c1,2044,"retention signature reproduced exactly (place_csv.py signature, sha1 fingerprint)"
kernel/kernel_floyd_v2/dim_1024_--duration_600_--seed_3044_--phase-markers_--max-mb_8d5abf33/rep001__sandbox_deepdive_01c1,3044,"retention signature reproduced exactly (place_csv.py signature, sha1 fingerprint)"
kernel/kernel_floyd_v2/dim_1024_--duration_600_--seed_4044_--phase-markers_--max-mb_fc31f04d/rep001__sandbox_deepdive_01c1,4044,"retention signature reproduced exactly (place_csv.py signature, sha1 fingerprint)"
kernel/kernel_floyd_v2/dim_1024_--duration_600_--seed_42_--phase-markers_--max-mb_5_20ac1e1e/rep001__sandbox_deepdive_01c1,42,"retention signature reproduced exactly (place_csv.py signature, sha1 fingerprint)"
kernel/kernel_floyd_v2/dim_1024_--duration_600_--seed_5044_--phase-markers_--max-mb_f23b8f3a/rep001__sandbox_deepdive_01c1,5044,"retention signature reproduced exactly (place_csv.py signature, sha1 fingerprint)"
kernel/kernel_floyd_v2/dim_1024_--duration_600_--seed_6044_--phase-markers_--max-mb_13703bfd/rep001__sandbox_deepdive_01c1,6044,"retention signature reproduced exactly (place_csv.py signature, sha1 fingerprint)"
kernel/kernel_floyd_v2/dim_1024_--duration_600_--seed_7044_--phase-markers_--max-mb_09c60402/rep001__sandbox_deepdive_01c1,7044,"retention signature reproduced exactly (place_csv.py signature, sha1 fingerprint)"
kernel/kernel_gemm_v2/dim_1024_--block_64_--duration_600_--seed_1703_--phase-marke_599e2e36/rep001__sandbox_deepdive_01c1,1703,"retention signature reproduced exactly (place_csv.py signature, sha1 fingerprint)"
kernel/kernel_gemm_v2/dim_1024_--block_64_--duration_600_--seed_2703_--phase-marke_f7134e57/rep001__sandbox_deepdive_01c1,2703,"retention signature reproduced exactly (place_csv.py signature, sha1 fingerprint)"
kernel/kernel_gemm_v2/dim_1024_--block_64_--duration_600_--seed_3703_--phase-marke_9341cd8a/rep001__sandbox_deepdive_01c1,3703,"retention signature reproduced exactly (place_csv.py signature, sha1 fingerprint)"
kernel/kernel_gemm_v2/dim_1024_--block_64_--duration_600_--seed_42_--phase-markers_53945912/rep001__sandbox_deepdive_01c1,42,"retention signature reproduced exactly (place_csv.py signature, sha1 fingerprint)"
kernel/kernel_gemm_v2/dim_1024_--block_64_--duration_600_--seed_4703_--phase-marke_c3800832/rep001__sandbox_deepdive_01c1,4703,"retention signature reproduced exactly (place_csv.py signature, sha1 fingerprint)"
kernel/kernel_gemm_v2/dim_1024_--block_64_--duration_600_--seed_5703_--phase-marke_57048d67/rep001__sandbox_deepdive_01c1,5703,"retention signature reproduced exactly (place_csv.py signature, sha1 fingerprint)"
kernel/kernel_gemm_v2/dim_1024_--block_64_--duration_600_--seed_6703_--phase-marke_703d8880/rep001__sandbox_deepdive_01c1,6703,"retention signature reproduced exactly (place_csv.py signature, sha1 fingerprint)"
kernel/kernel_gemm_v2/dim_1024_--block_64_--duration_600_--seed_7703_--phase-marke_38592d57/rep001__sandbox_deepdive_01c1,7703,"retention signature reproduced exactly (place_csv.py signature, sha1 fingerprint)"
kernel/kernel_gibbs_v2/width_1024_--height_1024_--states_2_--beta-milli_400_--durat_077eba8b/rep001__sandbox_deepdive_01c1,7158,"retention signature reproduced exactly (place_csv.py signature, sha1 fingerprint)"
kernel/kernel_gibbs_v2/width_1024_--height_1024_--states_2_--beta-milli_400_--durat_1488bb0f/rep001__sandbox_deepdive_01c1,42,"retention signature reproduced exactly (place_csv.py signature, sha1 fingerprint)"
kernel/kernel_gibbs_v2/width_1024_--height_1024_--states_2_--beta-milli_400_--durat_18fbaaac/rep001__sandbox_deepdive_01c1,6158,"retention signature reproduced exactly (place_csv.py signature, sha1 fingerprint)"
kernel/kernel_gibbs_v2/width_1024_--height_1024_--states_2_--beta-milli_400_--durat_9b4148f1/rep001__sandbox_deepdive_01c1,2158,"retention signature reproduced exactly (place_csv.py signature, sha1 fingerprint)"
kernel/kernel_gibbs_v2/width_1024_--height_1024_--states_2_--beta-milli_400_--durat_be0fe502/rep001__sandbox_deepdive_01c1,4158,"retention signature reproduced exactly (place_csv.py signature, sha1 fingerprint)"
kernel/kernel_gibbs_v2/width_1024_--height_1024_--states_2_--beta-milli_400_--durat_cb7b404c/rep001__sandbox_deepdive_01c1,3158,"retention signature reproduced exactly (place_csv.py signature, sha1 fingerprint)"
kernel/kernel_gibbs_v2/width_1024_--height_1024_--states_2_--beta-milli_400_--durat_d1b7b6d0/rep001__sandbox_deepdive_01c1,1158,"retention signature reproduced exactly (place_csv.py signature, sha1 fingerprint)"
kernel/kernel_gibbs_v2/width_1024_--height_1024_--states_2_--beta-milli_400_--durat_d474978f/rep001__sandbox_deepdive_01c1,5158,"retention signature reproduced exactly (place_csv.py signature, sha1 fingerprint)"
kernel/kernel_histogram_v2/samples_50000000_--bins_1048576_--dist_uniform_--duration_60_08c1285e/rep001__sandbox_deepdive_01c1,2556,"retention signature reproduced exactly (place_csv.py signature, sha1 fingerprint)"
kernel/kernel_histogram_v2/samples_50000000_--bins_1048576_--dist_uniform_--duration_60_1f1eb342/rep001__sandbox_deepdive_01c1,6556,"retention signature reproduced exactly (place_csv.py signature, sha1 fingerprint)"
kernel/kernel_histogram_v2/samples_50000000_--bins_1048576_--dist_uniform_--duration_60_25dce9cf/rep001__sandbox_deepdive_01c1,4556,"retention signature reproduced exactly (place_csv.py signature, sha1 fingerprint)"
kernel/kernel_histogram_v2/samples_50000000_--bins_1048576_--dist_uniform_--duration_60_782b83f7/rep001__sandbox_deepdive_01c1,5556,"retention signature reproduced exactly (place_csv.py signature, sha1 fingerprint)"
kernel/kernel_histogram_v2/samples_50000000_--bins_1048576_--dist_uniform_--duration_60_935f6eda/rep001__sandbox_deepdive_01c1,7556,"retention signature reproduced exactly (place_csv.py signature, sha1 fingerprint)"
kernel/kernel_histogram_v2/samples_50000000_--bins_1048576_--dist_uniform_--duration_60_bcca1816/rep001__sandbox_deepdive_01c1,42,"retention signature reproduced exactly (place_csv.py signature, sha1 fingerprint)"
kernel/kernel_histogram_v2/samples_50000000_--bins_1048576_--dist_uniform_--duration_60_bda44d04/rep001__sandbox_deepdive_01c1,3556,"retention signature reproduced exactly (place_csv.py signature, sha1 fingerprint)"
kernel/kernel_histogram_v2/samples_50000000_--bins_1048576_--dist_uniform_--duration_60_dafc959b/rep001__sandbox_deepdive_01c1,1556,"retention signature reproduced exactly (place_csv.py signature, sha1 fingerprint)"
kernel/kernel_lexer_v2/input-mb_32_--duration_600_--seed_1898_--phase-markers_--max_aabb2682/rep001__sandbox_deepdive_01c1,1898,"retention signature reproduced exactly (place_csv.py signature, sha1 fingerprint)"
kernel/kernel_lexer_v2/input-mb_32_--duration_600_--seed_2898_--phase-markers_--max_9b59964c/rep001__sandbox_deepdive_01c1,2898,"retention signature reproduced exactly (place_csv.py signature, sha1 fingerprint)"
kernel/kernel_lexer_v2/input-mb_32_--duration_600_--seed_3898_--phase-markers_--max_3a872e30/rep001__sandbox_deepdive_01c1,3898,"retention signature reproduced exactly (place_csv.py signature, sha1 fingerprint)"
kernel/kernel_lexer_v2/input-mb_32_--duration_600_--seed_42_--phase-markers_--max-m_e2a0a0b0/rep001__sandbox_deepdive_01c1,42,"retention signature reproduced exactly (place_csv.py signature, sha1 fingerprint)"
kernel/kernel_lexer_v2/input-mb_32_--duration_600_--seed_4898_--phase-markers_--max_654a0822/rep001__sandbox_deepdive_01c1,4898,"retention signature reproduced exactly (place_csv.py signature, sha1 fingerprint)"
kernel/kernel_lexer_v2/input-mb_32_--duration_600_--seed_5898_--phase-markers_--max_982e337f/rep001__sandbox_deepdive_01c1,5898,"retention signature reproduced exactly (place_csv.py signature, sha1 fingerprint)"
kernel/kernel_lexer_v2/input-mb_32_--duration_600_--seed_6898_--phase-markers_--max_6c39ecc6/rep001__sandbox_deepdive_01c1,6898,"retention signature reproduced exactly (place_csv.py signature, sha1 fingerprint)"
kernel/kernel_lexer_v2/input-mb_32_--duration_600_--seed_7898_--phase-markers_--max_08b626ed/rep001__sandbox_deepdive_01c1,7898,"retention signature reproduced exactly (place_csv.py signature, sha1 fingerprint)"
kernel/kernel_nbody_v2/particles_262144_--neighbors_16_--duration_600_--seed_1263_-_d662fde2/rep001__sandbox_deepdive_01c1,1263,"retention signature reproduced exactly (place_csv.py signature, sha1 fingerprint)"
kernel/kernel_nbody_v2/particles_262144_--neighbors_16_--duration_600_--seed_2263_-_b60b4944/rep001__sandbox_deepdive_01c1,2263,"retention signature reproduced exactly (place_csv.py signature, sha1 fingerprint)"
kernel/kernel_nbody_v2/particles_262144_--neighbors_16_--duration_600_--seed_3263_-_baab4c2d/rep001__sandbox_deepdive_01c1,3263,"retention signature reproduced exactly (place_csv.py signature, sha1 fingerprint)"
kernel/kernel_nbody_v2/particles_262144_--neighbors_16_--duration_600_--seed_4263_-_d6d088fb/rep001__sandbox_deepdive_01c1,4263,"retention signature reproduced exactly (place_csv.py signature, sha1 fingerprint)"
kernel/kernel_nbody_v2/particles_262144_--neighbors_16_--duration_600_--seed_42_--p_8a03a64e/rep001__sandbox_deepdive_01c1,42,"retention signature reproduced exactly (place_csv.py signature, sha1 fingerprint)"
kernel/kernel_nbody_v2/particles_262144_--neighbors_16_--duration_600_--seed_5263_-_e957d2ab/rep001__sandbox_deepdive_01c1,5263,"retention signature reproduced exactly (place_csv.py signature, sha1 fingerprint)"
kernel/kernel_nbody_v2/particles_262144_--neighbors_16_--duration_600_--seed_6263_-_63b95ec1/rep001__sandbox_deepdive_01c1,6263,"retention signature reproduced exactly (place_csv.py signature, sha1 fingerprint)"
kernel/kernel_nbody_v2/particles_262144_--neighbors_16_--duration_600_--seed_7263_-_e80fce84/rep001__sandbox_deepdive_01c1,7263,"retention signature reproduced exactly (place_csv.py signature, sha1 fingerprint)"
kernel/kernel_rmat_gen_v2/scale_18_--edge-factor_16_--a-milli_570_--b-milli_190_--c-mi_07e74033/rep001__sandbox_deepdive_01c1,1391,"retention signature reproduced exactly (place_csv.py signature, sha1 fingerprint)"
kernel/kernel_rmat_gen_v2/scale_18_--edge-factor_16_--a-milli_570_--b-milli_190_--c-mi_10abfb01/rep001__sandbox_deepdive_01c1,7391,"retention signature reproduced exactly (place_csv.py signature, sha1 fingerprint)"
kernel/kernel_rmat_gen_v2/scale_18_--edge-factor_16_--a-milli_570_--b-milli_190_--c-mi_22c283f0/rep001__sandbox_deepdive_01c1,4391,"retention signature reproduced exactly (place_csv.py signature, sha1 fingerprint)"
kernel/kernel_rmat_gen_v2/scale_18_--edge-factor_16_--a-milli_570_--b-milli_190_--c-mi_70743a7c/rep001__sandbox_deepdive_01c1,6391,"retention signature reproduced exactly (place_csv.py signature, sha1 fingerprint)"
kernel/kernel_rmat_gen_v2/scale_18_--edge-factor_16_--a-milli_570_--b-milli_190_--c-mi_890c7185/rep001__sandbox_deepdive_01c1,5391,"retention signature reproduced exactly (place_csv.py signature, sha1 fingerprint)"
kernel/kernel_rmat_gen_v2/scale_18_--edge-factor_16_--a-milli_570_--b-milli_190_--c-mi_a5b1c429/rep001__sandbox_deepdive_01c1,2391,"retention signature reproduced exactly (place_csv.py signature, sha1 fingerprint)"
kernel/kernel_rmat_gen_v2/scale_18_--edge-factor_16_--a-milli_570_--b-milli_190_--c-mi_e08a18b8/rep001__sandbox_deepdive_01c1,3391,"retention signature reproduced exactly (place_csv.py signature, sha1 fingerprint)"
kernel/kernel_rmat_gen_v2/scale_18_--edge-factor_16_--a-milli_570_--b-milli_190_--c-mi_e8d0158c/rep001__sandbox_deepdive_01c1,42,"retention signature reproduced exactly (place_csv.py signature, sha1 fingerprint)"
kernel/kernel_spmm_v2/rows_4096_--inner_4096_--cols_64_--nnz-per-row_16_--duration_045762c0/rep001__sandbox_deepdive_01c1,6593,"retention signature reproduced exactly (place_csv.py signature, sha1 fingerprint)"
kernel/kernel_spmm_v2/rows_4096_--inner_4096_--cols_64_--nnz-per-row_16_--duration_0eafe4f8/rep001__sandbox_deepdive_01c1,4593,"retention signature reproduced exactly (place_csv.py signature, sha1 fingerprint)"
kernel/kernel_spmm_v2/rows_4096_--inner_4096_--cols_64_--nnz-per-row_16_--duration_70afc1b1/rep001__sandbox_deepdive_01c1,3593,"retention signature reproduced exactly (place_csv.py signature, sha1 fingerprint)"
kernel/kernel_spmm_v2/rows_4096_--inner_4096_--cols_64_--nnz-per-row_16_--duration_870eca0e/rep001__sandbox_deepdive_01c1,5593,"retention signature reproduced exactly (place_csv.py signature, sha1 fingerprint)"
kernel/kernel_spmm_v2/rows_4096_--inner_4096_--cols_64_--nnz-per-row_16_--duration_9ae5a7f4/rep001__sandbox_deepdive_01c1,2593,"retention signature reproduced exactly (place_csv.py signature, sha1 fingerprint)"
kernel/kernel_spmm_v2/rows_4096_--inner_4096_--cols_64_--nnz-per-row_16_--duration_bb071777/rep001__sandbox_deepdive_01c1,7593,"retention signature reproduced exactly (place_csv.py signature, sha1 fingerprint)"
kernel/kernel_spmm_v2/rows_4096_--inner_4096_--cols_64_--nnz-per-row_16_--duration_d1926b0f/rep001__sandbox_deepdive_01c1,1593,"retention signature reproduced exactly (place_csv.py signature, sha1 fingerprint)"
kernel/kernel_spmm_v2/rows_4096_--inner_4096_--cols_64_--nnz-per-row_16_--duration_ddbdea7d/rep001__sandbox_deepdive_01c1,42,"retention signature reproduced exactly (place_csv.py signature, sha1 fingerprint)"
kernel/kernel_stencil_jacobi_v2/grid-n_1024_--duration_600_--seed_1298_--phase-markers_--max_e29446c2/rep001__dwarfs1_resume3,1298,"retention signature reproduced exactly (place_csv.py signature, sha1 fingerprint)"
kernel/kernel_stencil_jacobi_v2/grid-n_1024_--duration_600_--seed_2298_--phase-markers_--max_27e59387/rep001__dwarfs1_resume3,2298,"retention signature reproduced exactly (place_csv.py signature, sha1 fingerprint)"
kernel/kernel_stencil_jacobi_v2/grid-n_1024_--duration_600_--seed_3298_--phase-markers_--max_385060d0/rep001__dwarfs1_resume3,3298,"retention signature reproduced exactly (place_csv.py signature, sha1 fingerprint)"
kernel/kernel_stencil_jacobi_v2/grid-n_1024_--duration_600_--seed_4298_--phase-markers_--max_696b3432/rep001__dwarfs1_resume3,4298,"retention signature reproduced exactly (place_csv.py signature, sha1 fingerprint)"
kernel/kernel_stencil_jacobi_v2/grid-n_1024_--duration_600_--seed_42_--phase-markers_--max-m_5667e338/rep001__dwarfs1_resume4,42,"retention signature reproduced exactly (place_csv.py signature, sha1 fingerprint)"
kernel/kernel_stencil_jacobi_v2/grid-n_1024_--duration_600_--seed_5298_--phase-markers_--max_5ad67436/rep001__dwarfs1_resume3,5298,"retention signature reproduced exactly (place_csv.py signature, sha1 fingerprint)"
kernel/kernel_stencil_jacobi_v2/grid-n_1024_--duration_600_--seed_6298_--phase-markers_--max_f9eef900/rep001__dwarfs1_resume3,6298,"retention signature reproduced exactly (place_csv.py signature, sha1 fingerprint)"
kernel/kernel_stencil_jacobi_v2/grid-n_1024_--duration_600_--seed_7298_--phase-markers_--max_25198801/rep001__dwarfs1_resume3,7298,"retention signature reproduced exactly (place_csv.py signature, sha1 fingerprint)"
