family,workload,kind,duration_s,rep,apf_mean,apf_cov,apf_max,duty_gt05,n_windows,wr_rate_mbs,wr_total_mb,rd_rate_mbs,rd_total_mb,rd_frac
app,app_hashtable_intensive_v2,benign,120,1,0.15519749388402823,0.7527569454604508,0.2685432434082031,0.6530612244897959,48,0.0183,9.58,0.0003,0.14,0.0139
app,app_hashtable_intensive_v2,benign,120,2,0.15699976317736566,0.7427330360008474,0.26845550537109375,0.6530612244897959,48,0.013,6.69,0.0003,0.14,0.0198
app,app_hashtable_intensive_v2,benign,300,1,0.15431490740805195,0.7584002428254667,0.26856231689453125,0.6496945010183299,121,0.0065,8.52,0.0001,0.15,0.017
app,app_hashtable_intensive_v2,benign,300,2,0.15595580120475924,0.749783228983213,0.2684059143066406,0.6591836734693878,121,0.0081,10.67,0.0001,0.15,0.014
app,app_hashtable_intensive_v2,benign,600,1,0.15403890901087744,0.7612103796194988,0.268310546875,0.6496945010183299,244,0.003,8.2,0.0001,0.15,0.0177
app,app_hashtable_intensive_v2,benign,600,2,0.15353221466002298,0.7647643671372231,0.26857757568359375,0.6496945010183299,244,0.0037,9.49,0.0001,0.15,0.0153
mem_fault,mem_mmap_traversal_v2,benign,120,1,0.18284407238032194,0.3793765206845837,0.2768592834472656,0.9731543624161074,36,277.9858,142101.12,0.0006,0.29,0.0
mem_fault,mem_mmap_traversal_v2,benign,120,2,0.17597354542125354,0.3975932387983184,0.27724456787109375,0.9772727272727273,10,248.9902,38692.72,0.002,0.28,0.0
mem_fault,mem_mmap_traversal_v2,benign,300,1,0.183816040886773,0.40454896555970077,0.27680206298828125,0.9361111111111111,89,243.8908,333323.71,0.0001,0.16,0.0
mem_fault,mem_mmap_traversal_v2,benign,300,2,0.18172017115370517,0.39653565183022504,0.2774696350097656,0.9517426273458445,92,283.3702,382740.68,0.0001,0.16,0.0
mem_fault,mem_mmap_traversal_v2,benign,600,1,0.20218324267174587,0.32339086152390284,0.2772941589355469,0.9752066115702479,89,192.4329,291447.27,0.0001,0.17,0.0
mem_fault,mem_mmap_traversal_v2,benign,600,2,0.21760779486762152,0.2472418863226395,0.2770500183105469,1.0,21,143.1443,66193.1,0.0009,0.29,0.0
mem_fault,mem_pagefault_density_v2,benign,120,1,0.0056266393416967144,2.1858430290920206,0.175384521484375,0.005128205128205128,47,0.0162,8.44,0.0003,0.13,0.0153
mem_fault,mem_pagefault_density_v2,benign,120,2,0.005809686122796474,2.58991231736571,0.21430206298828125,0.005128205128205128,47,0.017,8.79,0.0719,37.16,0.8087
mem_fault,mem_pagefault_density_v2,benign,300,1,0.004852738672373246,1.6137739829039504,0.17647933959960938,0.0020408163265306124,121,0.0051,6.79,0.0001,0.13,0.0189
mem_fault,mem_pagefault_density_v2,benign,300,2,0.00489894500295565,1.7468039861943105,0.19229888916015625,0.002044989775051125,121,0.0079,10.07,0.0001,0.13,0.0129
mem_fault,mem_pagefault_density_v2,benign,600,1,0.004635106810275275,1.336285609268443,0.1964569091796875,0.0010224948875255625,243,0.0031,8.2,0.0001,0.14,0.0172
mem_fault,mem_pagefault_density_v2,benign,600,2,0.004689366253533464,1.320377869303645,0.18017959594726562,0.00117096018735363,212,0.0021,12.88,0.0001,0.19,0.0147
mem_sweep,mem_rmw_intensity_v2,benign,120,1,0.21899583167636516,0.26507757203873,0.2697029113769531,0.979381443298969,47,0.015,8.77,0.0003,0.13,0.0147
mem_sweep,mem_rmw_intensity_v2,benign,120,2,0.21901591618855795,0.23738065084981794,0.2630805969238281,0.9947916666666666,47,0.0114,8.98,0.0003,0.13,0.0144
mem_sweep,mem_rmw_intensity_v2,benign,300,1,0.2211112663394115,0.2351831739257139,0.2719154357910156,0.9774590163934426,121,0.0066,8.53,0.0082,10.32,0.5475
mem_sweep,mem_rmw_intensity_v2,benign,300,2,0.2182850368687364,0.25439880345714627,0.268798828125,0.985655737704918,121,0.0078,10.11,0.0001,0.14,0.014
mem_sweep,mem_rmw_intensity_v2,benign,600,1,0.22033442434717398,0.24146460487024354,0.2667503356933594,0.985655737704918,243,0.003,7.83,0.0001,0.15,0.0185
mem_sweep,mem_rmw_intensity_v2,benign,600,2,0.2180338023138828,0.25961749855436755,0.267303466796875,0.9805327868852459,243,0.0032,8.26,0.0001,0.14,0.0171
mem_sweep,mem_workingset_sweep_v2,benign,120,1,0.2509618292049486,0.008598738196289915,0.26839447021484375,1.0,48,0.0152,7.87,0.0002,0.11,0.0139
mem_sweep,mem_workingset_sweep_v2,benign,120,2,0.2509458482879953,0.008273351787153297,0.26842498779296875,1.0,47,0.0131,7.63,0.0002,0.11,0.0143
mem_sweep,mem_workingset_sweep_v2,benign,300,1,0.25064721136736723,0.005141043463851176,0.2683982849121094,1.0,121,0.0081,10.55,0.0001,0.1,0.0092
mem_sweep,mem_workingset_sweep_v2,benign,300,2,0.2506705502994725,0.005765333493058079,0.2681884765625,1.0,121,0.006,9.58,0.0001,0.11,0.0114
mem_sweep,mem_workingset_sweep_v2,benign,600,1,0.2505788919877033,0.003963250841740615,0.2697792053222656,1.0,244,0.0042,11.01,0.0,0.11,0.0103
mem_sweep,mem_workingset_sweep_v2,benign,600,2,0.2505583056877534,0.0038211370015836426,0.26837158203125,1.0,243,0.0027,7.61,0.0,0.11,0.0143
mem_sweep,mem_writemag_sweep_v2,benign,120,1,0.25094780704091646,0.00968524214507201,0.2731437683105469,1.0,48,0.0179,9.18,0.0003,0.14,0.0145
mem_sweep,mem_writemag_sweep_v2,benign,120,2,0.25092228091492946,0.008948688725397707,0.2681312561035156,1.0,48,0.0146,7.46,0.0003,0.14,0.0178
mem_sweep,mem_writemag_sweep_v2,benign,300,1,0.25068005507554464,0.006204239907850957,0.272247314453125,1.0,122,0.0058,7.65,0.0001,0.14,0.0174
mem_sweep,mem_writemag_sweep_v2,benign,300,2,0.25068389736876195,0.006072502576925209,0.2685432434082031,1.0,121,0.0078,10.2,0.0001,0.15,0.0143
mem_sweep,mem_writemag_sweep_v2,benign,600,1,0.25056924062445307,0.0038694368141152704,0.26985931396484375,1.0,244,0.0029,7.52,0.0001,0.14,0.0176
mem_sweep,mem_writemag_sweep_v2,benign,600,2,0.25065273016051937,0.009593333324252324,0.31922149658203125,1.0,243,0.0033,8.72,0.0192,49.34,0.8499
ransomware,sandbox_ransom_batched,threat,120,1,0.0076761963546917,0.22850308352227933,0.021274566650390625,0.0,45,0.0133,7.24,0.0003,0.16,0.0216
ransomware,sandbox_ransom_batched,threat,120,2,0.007833197177984776,0.2528943553374915,0.02317047119140625,0.0,47,0.0133,6.88,0.0003,0.15,0.0215
ransomware,sandbox_ransom_batched,threat,300,1,0.007557673532454694,0.1584548995281651,0.020538330078125,0.0,121,0.0083,10.92,0.0001,0.16,0.0144
ransomware,sandbox_ransom_batched,threat,300,2,0.007645627459742992,0.1659129273136451,0.01996612548828125,0.0,115,0.0039,8.79,0.0001,0.16,0.0183
ransomware,sandbox_ransom_batched,threat,600,1,0.007707374313997463,0.13754550656336476,0.022220611572265625,0.0,242,0.0037,9.73,0.0001,0.16,0.0166
ransomware,sandbox_ransom_batched,threat,600,2,0.008001202993442357,0.1301690832257827,0.021953582763671875,0.0,240,0.0013,7.97,0.0001,0.16,0.0202
ransomware,sandbox_ransom_selective,threat,120,1,0.3619848398061899,0.41457975586539836,0.5285491943359375,1.0,5,69.9905,13372.87,20.686,3958.58,0.2284
ransomware,sandbox_ransom_selective,threat,120,2,0.36433803673946497,0.3651603332054027,0.5376815795898438,1.0,7,83.0804,15212.74,24.3883,4696.76,0.2359
ransomware,sandbox_ransom_selective,threat,300,1,0.3579847547743056,0.34628615513436,0.5268898010253906,1.0,14,59.6244,29766.47,19.9466,9382.81,0.2397
ransomware,sandbox_ransom_selective,threat,300,2,0.41673946380615234,0.2464672004829591,0.5270805358886719,1.0,11,68.8993,24021.09,24.8056,7812.37,0.2454
ransomware,sandbox_ransom_selective,threat,600,1,0.36991333961486816,0.32471161086468575,0.5259819030761719,1.0,23,43.6782,46232.73,16.3687,14913.27,0.2439
ransomware,sandbox_ransom_selective,threat,600,2,0.3547741174697876,0.42353214620787444,0.5265121459960938,1.0,15,49.8406,28152.5,18.3,9342.18,0.2492
ransomware,sandbox_ransom_seq,threat,120,1,0.24361104231614333,0.2933071307552765,0.37137603759765625,1.0,12,79.6286,17275.74,40.1944,8513.96,0.3301
ransomware,sandbox_ransom_seq,threat,120,2,0.36265422022619914,0.29141202596785715,0.5319290161132812,1.0,9,71.4802,18291.67,37.7943,8327.57,0.3128
ransomware,sandbox_ransom_seq,threat,300,1,0.3502805281658562,0.3048171355083401,0.5516891479492188,1.0,11,59.5793,20551.78,31.4253,8363.4,0.2892
ransomware,sandbox_ransom_seq,threat,300,2,0.35628362802358776,0.2788694875615619,0.5353164672851562,1.0,15,63.4805,29877.41,33.7855,13025.82,0.3036
ransomware,sandbox_ransom_seq,threat,600,1,0.3271668045609086,0.3634171145843866,0.5395393371582031,0.9907407407407407,26,44.9028,43016.81,24.7014,20918.32,0.3272
ransomware,sandbox_ransom_seq,threat,600,2,0.26316917467417206,0.40633997451486403,0.5281715393066406,0.9874213836477987,38,35.3477,59984.61,21.7852,29362.51,0.3286
ransomware,sandbox_ransom_slowburn,threat,120,1,0.002633248606035786,6.194637367587192,0.22259140014648438,0.005376344086021506,45,0.5281,259.88,0.0003,0.16,0.0006
ransomware,sandbox_ransom_slowburn,threat,120,2,0.0026663719339573635,6.0812971515400935,0.22250747680664062,0.005319148936170213,46,0.4665,260.23,0.0005,0.29,0.0011
ransomware,sandbox_ransom_slowburn,threat,300,1,0.0017659107673857401,5.946583484613992,0.22328948974609375,0.0021413276231263384,115,0.1937,327.93,0.0083,10.48,0.031
ransomware,sandbox_ransom_slowburn,threat,300,2,0.0018152310612887272,5.791222067930325,0.2231597900390625,0.002145922746781116,115,0.2075,326.01,0.0083,10.48,0.0311
ransomware,sandbox_ransom_slowburn,threat,600,1,0.001651557606831588,6.191299932241693,0.2228546142578125,0.0021208907741251328,234,0.2149,600.64,0.0041,10.49,0.0172
ransomware,sandbox_ransom_slowburn,threat,600,2,0.0016668150748107324,6.120060143351766,0.2232818603515625,0.0021344717182497333,233,0.1495,438.58,0.0011,4.06,0.0092
scanner,sandbox_scanner_metadata,threat,120,1,0.039449166278449854,0.07549186073940252,0.0545196533203125,0.00510204081632653,48,0.2768,143.76,0.0086,4.37,0.0295
scanner,sandbox_scanner_metadata,threat,120,2,0.039173126220703125,0.09524844615777803,0.04998779296875,0.0,24,0.34,119.24,0.0054,1.43,0.0118
scanner,sandbox_scanner_metadata,threat,300,1,0.03898488796823393,0.06783407742927819,0.0567474365234375,0.008130081300813009,122,0.2385,308.07,0.0108,13.77,0.0428
scanner,sandbox_scanner_metadata,threat,300,2,0.03899834066563621,0.07705378208416479,0.053447723388671875,0.008830022075055188,112,0.2688,343.01,0.0033,4.13,0.0119
scanner,sandbox_scanner_metadata,threat,600,1,0.039371050941515676,0.07301769855838865,0.055850982666015625,0.005285412262156448,235,0.257,658.21,0.0018,5.35,0.0081
scanner,sandbox_scanner_metadata,threat,600,2,0.0391026630906612,0.06340179822667565,0.05442047119140625,0.003054989816700611,244,0.2343,605.34,0.0021,5.34,0.0087
